Method,Job,AnalyzeLaunchVariance,EvaluateOverhead,MaxAbsoluteError,MaxRelativeError,MinInvokeCount,MinIterationTime,OutlierMode,Affinity,EnvironmentVariables,Jit,Platform,PowerPlanMode,Runtime,AllowVeryLargeObjects,Concurrent,CpuGroups,Force,HeapAffinitizeMask,HeapCount,NoAffinitize,RetainVm,Server,Arguments,BuildConfiguration,Clock,EngineFactory,NuGetReferences,Toolchain,IsMutator,InvocationCount,IterationCount,IterationTime,LaunchCount,MaxIterationCount,MaxWarmupIterationCount,MemoryRandomization,MinIterationCount,MinWarmupIterationCount,RunStrategy,UnrollFactor,WarmupCount,insertTimes,Mean,Error,StdDev,Median,Gen0,Gen1,Allocated
DeleteFromStartOfrope,Job-VLVUCF,False,Default,Default,Default,Default,Default,Default,11111111,Empty,RyuJit,X64,8c5e7fda-e8bf-4a96-9a85-a6e23a8c635c,.NET 7.0,False,True,False,True,Default,Default,False,False,False,Default,Default,Default,Default,Default,Default,Default,1000,Default,Default,Default,Default,Default,Default,Default,Default,Default,1,Default,100,2.019 μs,0.0237 μs,0.0198 μs,2.024 μs,-,-,1.97 KB
DeleteFromMiddleOfrope,Job-VLVUCF,False,Default,Default,Default,Default,Default,Default,11111111,Empty,RyuJit,X64,8c5e7fda-e8bf-4a96-9a85-a6e23a8c635c,.NET 7.0,False,True,False,True,Default,Default,False,False,False,Default,Default,Default,Default,Default,Default,Default,1000,Default,Default,Default,Default,Default,Default,Default,Default,Default,1,Default,100,2.205 μs,0.2558 μs,0.7542 μs,1.740 μs,1.0000,-,2.86 KB
DeleteFromEndOfrope,Job-VLVUCF,False,Default,Default,Default,Default,Default,Default,11111111,Empty,RyuJit,X64,8c5e7fda-e8bf-4a96-9a85-a6e23a8c635c,.NET 7.0,False,True,False,True,Default,Default,False,False,False,Default,Default,Default,Default,Default,Default,Default,1000,Default,Default,Default,Default,Default,Default,Default,Default,Default,1,Default,100,3.347 μs,0.0661 μs,0.1087 μs,3.327 μs,1.0000,-,3.7 KB
DeleteFromStartOfrope,Job-VLVUCF,False,Default,Default,Default,Default,Default,Default,11111111,Empty,RyuJit,X64,8c5e7fda-e8bf-4a96-9a85-a6e23a8c635c,.NET 7.0,False,True,False,True,Default,Default,False,False,False,Default,Default,Default,Default,Default,Default,Default,1000,Default,Default,Default,Default,Default,Default,Default,Default,Default,1,Default,1000,1.330 μs,0.0503 μs,0.1369 μs,1.294 μs,-,-,2.44 KB
DeleteFromMiddleOfrope,Job-VLVUCF,False,Default,Default,Default,Default,Default,Default,11111111,Empty,RyuJit,X64,8c5e7fda-e8bf-4a96-9a85-a6e23a8c635c,.NET 7.0,False,True,False,True,Default,Default,False,False,False,Default,Default,Default,Default,Default,Default,Default,1000,Default,Default,Default,Default,Default,Default,Default,Default,Default,1,Default,1000,2.001 μs,0.0399 μs,0.0850 μs,1.961 μs,-,-,4.08 KB
DeleteFromEndOfrope,Job-VLVUCF,False,Default,Default,Default,Default,Default,Default,11111111,Empty,RyuJit,X64,8c5e7fda-e8bf-4a96-9a85-a6e23a8c635c,.NET 7.0,False,True,False,True,Default,Default,False,False,False,Default,Default,Default,Default,Default,Default,Default,1000,Default,Default,Default,Default,Default,Default,Default,Default,Default,1,Default,1000,2.195 μs,0.0437 μs,0.1039 μs,2.146 μs,-,-,4.73 KB
DeleteFromStartOfrope,Job-VLVUCF,False,Default,Default,Default,Default,Default,Default,11111111,Empty,RyuJit,X64,8c5e7fda-e8bf-4a96-9a85-a6e23a8c635c,.NET 7.0,False,True,False,True,Default,Default,False,False,False,Default,Default,Default,Default,Default,Default,Default,1000,Default,Default,Default,Default,Default,Default,Default,Default,Default,1,Default,10000,1.528 μs,0.0072 μs,0.0060 μs,1.529 μs,-,-,3.04 KB
DeleteFromMiddleOfrope,Job-VLVUCF,False,Default,Default,Default,Default,Default,Default,11111111,Empty,RyuJit,X64,8c5e7fda-e8bf-4a96-9a85-a6e23a8c635c,.NET 7.0,False,True,False,True,Default,Default,False,False,False,Default,Default,Default,Default,Default,Default,Default,1000,Default,Default,Default,Default,Default,Default,Default,Default,Default,1,Default,10000,3.730 μs,0.0740 μs,0.2000 μs,3.753 μs,1.0000,1.0000,5.86 KB
DeleteFromEndOfrope,Job-VLVUCF,False,Default,Default,Default,Default,Default,Default,11111111,Empty,RyuJit,X64,8c5e7fda-e8bf-4a96-9a85-a6e23a8c635c,.NET 7.0,False,True,False,True,Default,Default,False,False,False,Default,Default,Default,Default,Default,Default,Default,1000,Default,Default,Default,Default,Default,Default,Default,Default,Default,1,Default,10000,3.609 μs,0.0875 μs,0.2581 μs,3.604 μs,1.0000,1.0000,5.97 KB
