Method,Job,AnalyzeLaunchVariance,EvaluateOverhead,MaxAbsoluteError,MaxRelativeError,MinInvokeCount,MinIterationTime,OutlierMode,Affinity,EnvironmentVariables,Jit,Platform,PowerPlanMode,Runtime,AllowVeryLargeObjects,Concurrent,CpuGroups,Force,HeapAffinitizeMask,HeapCount,NoAffinitize,RetainVm,Server,Arguments,BuildConfiguration,Clock,EngineFactory,NuGetReferences,Toolchain,IsMutator,InvocationCount,IterationCount,IterationTime,LaunchCount,MaxIterationCount,MaxWarmupIterationCount,MemoryRandomization,MinIterationCount,MinWarmupIterationCount,RunStrategy,UnrollFactor,WarmupCount,insertTimes,Mean,Error,StdDev,Allocated
GetSubstringAtStartOfrope,Job-VLVUCF,False,Default,Default,Default,Default,Default,Default,11111111,Empty,RyuJit,X64,8c5e7fda-e8bf-4a96-9a85-a6e23a8c635c,.NET 7.0,False,True,False,True,Default,Default,False,False,False,Default,Default,Default,Default,Default,Default,Default,1000,Default,Default,Default,Default,Default,Default,Default,Default,Default,1,Default,100,486.2 ns,9.78 ns,8.67 ns,256 B
GetSubstringAtMiddleOfrope,Job-VLVUCF,False,Default,Default,Default,Default,Default,Default,11111111,Empty,RyuJit,X64,8c5e7fda-e8bf-4a96-9a85-a6e23a8c635c,.NET 7.0,False,True,False,True,Default,Default,False,False,False,Default,Default,Default,Default,Default,Default,Default,1000,Default,Default,Default,Default,Default,Default,Default,Default,Default,1,Default,100,472.1 ns,3.89 ns,3.04 ns,256 B
GetSubstringAtEndOfrope,Job-VLVUCF,False,Default,Default,Default,Default,Default,Default,11111111,Empty,RyuJit,X64,8c5e7fda-e8bf-4a96-9a85-a6e23a8c635c,.NET 7.0,False,True,False,True,Default,Default,False,False,False,Default,Default,Default,Default,Default,Default,Default,1000,Default,Default,Default,Default,Default,Default,Default,Default,Default,1,Default,100,437.4 ns,8.14 ns,9.04 ns,248 B
GetSubstringAtStartOfrope,Job-VLVUCF,False,Default,Default,Default,Default,Default,Default,11111111,Empty,RyuJit,X64,8c5e7fda-e8bf-4a96-9a85-a6e23a8c635c,.NET 7.0,False,True,False,True,Default,Default,False,False,False,Default,Default,Default,Default,Default,Default,Default,1000,Default,Default,Default,Default,Default,Default,Default,Default,Default,1,Default,1000,532.0 ns,7.88 ns,6.15 ns,256 B
GetSubstringAtMiddleOfrope,Job-VLVUCF,False,Default,Default,Default,Default,Default,Default,11111111,Empty,RyuJit,X64,8c5e7fda-e8bf-4a96-9a85-a6e23a8c635c,.NET 7.0,False,True,False,True,Default,Default,False,False,False,Default,Default,Default,Default,Default,Default,Default,1000,Default,Default,Default,Default,Default,Default,Default,Default,Default,1,Default,1000,539.5 ns,7.74 ns,6.47 ns,256 B
GetSubstringAtEndOfrope,Job-VLVUCF,False,Default,Default,Default,Default,Default,Default,11111111,Empty,RyuJit,X64,8c5e7fda-e8bf-4a96-9a85-a6e23a8c635c,.NET 7.0,False,True,False,True,Default,Default,False,False,False,Default,Default,Default,Default,Default,Default,Default,1000,Default,Default,Default,Default,Default,Default,Default,Default,Default,1,Default,1000,488.4 ns,9.61 ns,9.87 ns,248 B
GetSubstringAtStartOfrope,Job-VLVUCF,False,Default,Default,Default,Default,Default,Default,11111111,Empty,RyuJit,X64,8c5e7fda-e8bf-4a96-9a85-a6e23a8c635c,.NET 7.0,False,True,False,True,Default,Default,False,False,False,Default,Default,Default,Default,Default,Default,Default,1000,Default,Default,Default,Default,Default,Default,Default,Default,Default,1,Default,10000,351.4 ns,6.62 ns,6.19 ns,256 B
GetSubstringAtMiddleOfrope,Job-VLVUCF,False,Default,Default,Default,Default,Default,Default,11111111,Empty,RyuJit,X64,8c5e7fda-e8bf-4a96-9a85-a6e23a8c635c,.NET 7.0,False,True,False,True,Default,Default,False,False,False,Default,Default,Default,Default,Default,Default,Default,1000,Default,Default,Default,Default,Default,Default,Default,Default,Default,1,Default,10000,332.5 ns,4.29 ns,4.01 ns,256 B
GetSubstringAtEndOfrope,Job-VLVUCF,False,Default,Default,Default,Default,Default,Default,11111111,Empty,RyuJit,X64,8c5e7fda-e8bf-4a96-9a85-a6e23a8c635c,.NET 7.0,False,True,False,True,Default,Default,False,False,False,Default,Default,Default,Default,Default,Default,Default,1000,Default,Default,Default,Default,Default,Default,Default,Default,Default,1,Default,10000,309.8 ns,4.30 ns,3.59 ns,248 B
