Method,Job,AnalyzeLaunchVariance,EvaluateOverhead,MaxAbsoluteError,MaxRelativeError,MinInvokeCount,MinIterationTime,OutlierMode,Affinity,EnvironmentVariables,Jit,Platform,PowerPlanMode,Runtime,AllowVeryLargeObjects,Concurrent,CpuGroups,Force,HeapAffinitizeMask,HeapCount,NoAffinitize,RetainVm,Server,Arguments,BuildConfiguration,Clock,EngineFactory,NuGetReferences,Toolchain,IsMutator,InvocationCount,IterationCount,IterationTime,LaunchCount,MaxIterationCount,MaxWarmupIterationCount,MemoryRandomization,MinIterationCount,MinWarmupIterationCount,RunStrategy,UnrollFactor,WarmupCount,insertTimes,Mean,Error,StdDev,Median,Allocated
InsertIntoRopeAtStart,Job-VLVUCF,False,Default,Default,Default,Default,Default,Default,11111111,Empty,RyuJit,X64,8c5e7fda-e8bf-4a96-9a85-a6e23a8c635c,.NET 7.0,False,True,False,True,Default,Default,False,False,False,Default,Default,Default,Default,Default,Default,Default,1000,Default,Default,Default,Default,Default,Default,Default,Default,Default,1,Default,100,777.6 ns,85.05 ns,246.74 ns,830.0 ns,904 B
InsertIntoRopeAtMiddle,Job-VLVUCF,False,Default,Default,Default,Default,Default,Default,11111111,Empty,RyuJit,X64,8c5e7fda-e8bf-4a96-9a85-a6e23a8c635c,.NET 7.0,False,True,False,True,Default,Default,False,False,False,Default,Default,Default,Default,Default,Default,Default,1000,Default,Default,Default,Default,Default,Default,Default,Default,Default,1,Default,100,937.4 ns,14.79 ns,25.11 ns,929.9 ns,976 B
InsertIntoRopeAtEnd,Job-VLVUCF,False,Default,Default,Default,Default,Default,Default,11111111,Empty,RyuJit,X64,8c5e7fda-e8bf-4a96-9a85-a6e23a8c635c,.NET 7.0,False,True,False,True,Default,Default,False,False,False,Default,Default,Default,Default,Default,Default,Default,1000,Default,Default,Default,Default,Default,Default,Default,Default,Default,1,Default,100,854.2 ns,53.31 ns,145.94 ns,861.0 ns,832 B
InsertIntoRopeAtStart,Job-VLVUCF,False,Default,Default,Default,Default,Default,Default,11111111,Empty,RyuJit,X64,8c5e7fda-e8bf-4a96-9a85-a6e23a8c635c,.NET 7.0,False,True,False,True,Default,Default,False,False,False,Default,Default,Default,Default,Default,Default,Default,1000,Default,Default,Default,Default,Default,Default,Default,Default,Default,1,Default,1000,578.0 ns,11.16 ns,16.01 ns,572.4 ns,1120 B
InsertIntoRopeAtMiddle,Job-VLVUCF,False,Default,Default,Default,Default,Default,Default,11111111,Empty,RyuJit,X64,8c5e7fda-e8bf-4a96-9a85-a6e23a8c635c,.NET 7.0,False,True,False,True,Default,Default,False,False,False,Default,Default,Default,Default,Default,Default,Default,1000,Default,Default,Default,Default,Default,Default,Default,Default,Default,1,Default,1000,624.1 ns,12.49 ns,32.02 ns,615.1 ns,1192 B
InsertIntoRopeAtEnd,Job-VLVUCF,False,Default,Default,Default,Default,Default,Default,11111111,Empty,RyuJit,X64,8c5e7fda-e8bf-4a96-9a85-a6e23a8c635c,.NET 7.0,False,True,False,True,Default,Default,False,False,False,Default,Default,Default,Default,Default,Default,Default,1000,Default,Default,Default,Default,Default,Default,Default,Default,Default,1,Default,1000,583.6 ns,9.62 ns,22.69 ns,575.8 ns,1048 B
InsertIntoRopeAtStart,Job-VLVUCF,False,Default,Default,Default,Default,Default,Default,11111111,Empty,RyuJit,X64,8c5e7fda-e8bf-4a96-9a85-a6e23a8c635c,.NET 7.0,False,True,False,True,Default,Default,False,False,False,Default,Default,Default,Default,Default,Default,Default,1000,Default,Default,Default,Default,Default,Default,Default,Default,Default,1,Default,10000,823.8 ns,8.36 ns,7.41 ns,822.0 ns,1408 B
InsertIntoRopeAtMiddle,Job-VLVUCF,False,Default,Default,Default,Default,Default,Default,11111111,Empty,RyuJit,X64,8c5e7fda-e8bf-4a96-9a85-a6e23a8c635c,.NET 7.0,False,True,False,True,Default,Default,False,False,False,Default,Default,Default,Default,Default,Default,Default,1000,Default,Default,Default,Default,Default,Default,Default,Default,Default,1,Default,10000,775.8 ns,11.60 ns,10.85 ns,775.5 ns,1408 B
InsertIntoRopeAtEnd,Job-VLVUCF,False,Default,Default,Default,Default,Default,Default,11111111,Empty,RyuJit,X64,8c5e7fda-e8bf-4a96-9a85-a6e23a8c635c,.NET 7.0,False,True,False,True,Default,Default,False,False,False,Default,Default,Default,Default,Default,Default,Default,1000,Default,Default,Default,Default,Default,Default,Default,Default,Default,1,Default,10000,733.1 ns,6.27 ns,5.56 ns,733.1 ns,1264 B
